p.name,i.name,position
Fleur de Rose Shu Uemura for women,Lemon,TOP
Fleur de Rose Shu Uemura for women,Rose,MIDDLE
Fleur de Rose Shu Uemura for women,Jasmine,MIDDLE
Fleur de Rose Shu Uemura for women,Ylang-Ylang,MIDDLE
Fleur de Rose Shu Uemura for women,Freesia,MIDDLE
Fleur de Rose Shu Uemura for women,Sandalwood,BASE
Fleur de Rose Shu Uemura for women,Sage,BASE
Fleur de Source Shu Uemura for women,Anise,TOP
Fleur de Source Shu Uemura for women,Lavender,TOP
Fleur de Source Shu Uemura for women,Papyrus,TOP
Fleur de Source Shu Uemura for women,Lemon,TOP
Fleur de Source Shu Uemura for women,Orange Blossom,MIDDLE
Fleur de Source Shu Uemura for women,Jasmine,MIDDLE
Fleur de Source Shu Uemura for women,Basil,BASE
Fleur de Source Shu Uemura for women,Coriander,BASE
Fleur de Terre Shu Uemura for women,Bergamot,TOP
Fleur de Terre Shu Uemura for women,Mint,TOP
Fleur de Terre Shu Uemura for women,Anise,TOP
Fleur de Terre Shu Uemura for women,Orange,TOP
Fleur de Terre Shu Uemura for women,Lavender,TOP
Fleur de Terre Shu Uemura for women,Basil,TOP
Fleur de Terre Shu Uemura for women,Lemon,TOP
Fleur de Terre Shu Uemura for women,Mimosa,MIDDLE
Fleur de Terre Shu Uemura for women,Rosemary,MIDDLE
Fleur de Terre Shu Uemura for women,Orange Blossom,MIDDLE
Fleur de Terre Shu Uemura for women,Sandalwood,BASE
Fleur de Terre Shu Uemura for women,Vanilla,BASE
Fleur de Terre Shu Uemura for women,Tonka Bean,BASE
Fleur de Terre Shu Uemura for women,Cedar,BASE
Shu Uemura Shu Uemura for women,Black Currant,TOP
Shu Uemura Shu Uemura for women,Apricot,TOP
Shu Uemura Shu Uemura for women,Bergamot,TOP
Shu Uemura Shu Uemura for women,Peach,TOP
Shu Uemura Shu Uemura for women,Orange,TOP
Shu Uemura Shu Uemura for women,Coconut,TOP
Shu Uemura Shu Uemura for women,Jasmine,MIDDLE
Shu Uemura Shu Uemura for women,Marigold,MIDDLE
Shu Uemura Shu Uemura for women,iris,MIDDLE
Shu Uemura Shu Uemura for women,Lily-of-the-Valley,MIDDLE
Shu Uemura Shu Uemura for women,Ylang-Ylang,MIDDLE
Shu Uemura Shu Uemura for women,Rose,MIDDLE
Shu Uemura Shu Uemura for women,Vanilla,BASE
Shu Uemura Shu Uemura for women,Castoreum,BASE
Shu Uemura Shu Uemura for women,Tonka Bean,BASE
Shu Uemura Shu Uemura for women,Moss,BASE
Shu Uemura Shu Uemura for women,Civet,BASE
Shu Uemura Shu Uemura for women,Amber,BASE
Shu Uemura Shu Uemura for women,Patchouli,BASE
Shu Uemura 029 Shu Uemura for women and men,Lemon,TOP
Shu Uemura 029 Shu Uemura for women and men,Lavender,TOP
Shu Uemura 029 Shu Uemura for women and men,Artemisia,TOP
Shu Uemura 029 Shu Uemura for women and men,Rosemary,TOP
Shu Uemura 029 Shu Uemura for women and men,Tarragon,TOP
Shu Uemura 029 Shu Uemura for women and men,Tangerine,TOP
Shu Uemura 029 Shu Uemura for women and men,Jasmine,MIDDLE
Shu Uemura 029 Shu Uemura for women and men,Geranium,MIDDLE
Shu Uemura 029 Shu Uemura for women and men,Rose,MIDDLE
Shu Uemura 029 Shu Uemura for women and men,Pitosporum,MIDDLE
Shu Uemura 029 Shu Uemura for women and men,Ylang-Ylang,MIDDLE
Shu Uemura 029 Shu Uemura for women and men,Oakmoss,BASE
Shu Uemura 029 Shu Uemura for women and men,Cedar,BASE
Shu Uemura 029 Shu Uemura for women and men,Sage,BASE
Shu Uemura 029 Shu Uemura for women and men,Patchouli,BASE
Shu Uemura 029 Shu Uemura for women and men,Amber,BASE
